{
    "EnableDebug": 0,
    "DeleteLogs": 0,
    "MaxSpareMags": 2,
	"RandomQuantity": 0,
    "LootChestsLocations": [
        {
            "name": "Medical_Tier1",
            "number": 3,
            "pos": [
                "6790.486328 3.352339 1533.775024|106.589676 0.000000 -0.000000",
                "6947.261230 39.020016 2073.241699|-122.908562 0.000000 -0.000000",
                "5036.120117 4.586745 2123.178711|-76.140816 -0.087426 -0.018429",
                "5029.812500 4.587300 2118.572266|-30.222374 -0.080432 -0.066478",
                "4659.112305 20.380402 4504.520020|54.089821 -0.087426 0.049226",
                "4659.187988 20.380457 4512.316406|59.130535 -0.090923 0.043063",
                "10236.069336 42.710838 5006.026367|-131.192307 -0.083929 0.055275",
                "10235.882813 42.711899 4998.825684|-43.891781 -0.034971 -0.060484",
                "6957.626465 31.626970 5827.966309|46.365440 -0.090924 0.038611",
                "6953.926270 31.627247 5834.711426|67.093826 -0.080432 0.021778",
                "6382.376953 15.838736 6183.955566|92.759315 -0.038468 -0.002020",
                "6377.614258 15.838115 6189.802246|43.606209 -0.087426 0.030387",
                "3290.687988 20.635868 6377.573242|-101.090889 0.000000 -0.000000",
                "4563.805176 20.630016 6990.265137|-169.833237 0.000000 -0.000000",
                "5378.500977 2.810423 7539.433594|-29.368023 0.000000 0.000000",
                "1863.418335 9.875541 9109.193359|52.395046 -0.069941 0.055483",
                "1866.614380 9.875490 9116.111328|38.718052 -0.052456 0.070941",
                "8303.085938 5.976623 9164.011719|170.964661 -0.031473 -0.089795",
                "8307.601563 5.975543 9170.196289|-7.692132 0.027976 0.090105",
                "9058.646484 5.329929 9337.542969|123.918297 0.000000 -0.000000",
                "9875.651367 14.386202 10787.192383|1.657836 0.000000 -0.000000",
                "6074.637695 6.100317 14556.320313|74.990150 0.000000 -0.000000" 
            ],
            "keyclass": "",
            "openable": 2,
            "chest": [
                "CJ_LootChest_Green_Small"
            ],
            "lootrandomize": 0.1,
            "light": 1,
            "loot": [
                "LC_Table_MedicalTier1"
            ]
        },
        {
            "name": "Medical_Tier2",
            "number": 3,
            "pos": [
                "6776.352539 7.080995 1522.505371|155.704788 0.000000 -0.000000",
                "6930.340820 42.748653 2068.781982|64.565407 0.000000 0.000000",
                "6949.407715 52.485226 2073.607910|78.034180 0.000000 -0.000000",
                "6791.856445 16.817331 1533.662720|80.578644 0.000000 -0.000000",
                "3306.000732 20.460680 6368.977051|95.665672 -0.622488 -0.064905",
                "3276.975830 24.364513 6368.069336|-46.274223 0.000000 0.000000",
                "3292.912842 34.100830 6377.529297|-31.904388 0.000000 0.000000",
                "3279.357666 20.444870 6513.315430|152.799408 -0.458119 0.499017",
                "4574.670898 24.358660 6977.422363|103.201782 0.000000 -0.000000",
                "4563.460449 34.094967 6993.287598|-36.301975 0.000000 0.000000",
                "5361.858887 6.539060 7542.672852|-70.739876 0.000000 0.000000",
                "5380.698242 16.275356 7537.054688|166.117630 0.000000 -0.000000",
                "8272.639648 5.156565 9160.092773|-96.964935 0.195835 -0.026716",
                "8272.926758 5.178484 9184.365234|-42.738239 0.038468 -0.136128",
                "9075.057617 9.058569 9342.024414|158.262085 0.000000 -0.000000",
                "9056.085938 18.794870 9338.900391|-177.929291 0.000000 -0.000000",
                "9865.380859 18.008242 10800.422852|-52.942833 0.000000 0.000000",
                "9875.913086 27.744570 10784.318359|85.478058 0.000000 -0.000000",
                "6091.010742 9.828954 14560.719727|149.298904 0.000000 -0.000000",
                "6072.145020 19.565247 14556.515625|-120.951263 0.000000 -0.000000"
            ],
            "keyclass": "CJ_Key7",
            "openable": 2,
            "chest": [
                "CJ_LootChest_Green_Small"
            ],
            "lootrandomize": 0.1,
            "light": 1,
            "loot": [
                "LC_Table_MedicalTier2"
            ]
        },
        {
            "name": "Medical_Tier3",
            "number": 2,
            "pos": [

                "2696.530518 22.514790 3606.803223|80.074753 -0.566532 -0.320426",
                "2709.678223 22.538719 3619.419189|-121.895935 -0.279766 0.105322",
                "2721.791992 22.454630 3631.508301|-100.400719 0.570029 0.311003",
                "3132.357910 22.650002 4208.085938|-120.097488 0.000000 -0.000000",
                "3129.853027 26.378649 4191.230469|-153.130142 0.000000 -0.000000",
                "3133.830322 36.114971 4210.148438|-70.237297 0.000000 0.000000",
                "14096.777344 137.585037 2619.834229|90.624863 -0.101415 -0.001106",
                "14119.882813 137.505219 2644.394043|72.573425 0.000000 -0.000000",
                "15787.321289 16.555323 4442.071289|-99.399956 0.000000 -0.000000",
                "15749.002930 40.276836 4780.679688|-106.305595 0.000000 -0.000000",
                "15751.981445 44.005501 4764.225098|-176.875565 0.000000 -0.000000",
                "15752.861328 50.877045 4773.876465|-171.085037 0.000000 -0.000000",
                "15809.588867 22.305321 5090.490723|-128.731155 0.000000 -0.000000",
                "12548.663086 1.958191 7638.758301|163.343567 -0.496588 -0.633229",
                "8296.801758 5.146382 9188.706055|104.262924 -0.632980 0.189850",
                "1055.531494 9.550900 12728.068359|-78.480949 0.000000 0.000000",
                "1047.294312 13.279545 12742.474609|-7.427553 0.000000 0.000000",
                "1055.255859 23.015858 12724.950195|-158.604279 0.000000 -0.000000",
                "7168.293945 538.803101 11638.695313|-110.243195 0.000000 -0.000000",
                "7172.730469 542.531738 11623.060547|120.041649 0.000000 -0.000000",
                "7173.067383, 549.486145 11641.815430|22.894657 0.000000 -0.000000",
                "13153.777344 12.983111 9904.184570|-32.210529 0.381182 0.594730",
                "13137.684570 12.958790 9861.836914|143.069260 0.454622 0.561880",
                "13131.873047 12.952851 9904.644531|26.740974 -0.311240 0.627736",
                "11016.452148 6.226432 10339.262695|50.846027 -0.055953 -0.002208",
                "11009.004883 6.226110 10341.956055|26.037878 -0.080432 -0.003142",
                "10986.783203 5.381621 10341.656250|5.154669 0.255286 0.632970",
                "11050.809570 5.396574 10310.873047|13.119965 0.164362 0.628285",
                "10973.664063 5.382627 10316.116211|-6.874367 0.388176 0.616933",
                "10971.811523 5.401014 10270.429688|145.038132 0.615494 0.518750",
                "11520.765625 16.537800 10132.512695|-93.228287 0.000000 -0.000000",
                "11504.161133 20.266445 10134.213867|-62.928825 0.000000 0.000000" ,
                "11522.486328 30.002762 10130.754883|-149.538589 0.000000 -0.000000"
            ],
            "keyclass": "CJ_Key7",
            "openable": 0,
            "chest": [
                "CJ_LootChest_Green_Small"
            ],
            "lootrandomize": 0.1,
            "light": 1,
            "loot": [
                "LC_Table_MedicalTier3",
                
            ]
        }
    ],
    "LCPredefinedWeapons": [
        {
            "defname": "LC_predefined_Test",
            "weapon": "AK101_Green",
            "magazine": "Mag_AK101_30Rnd_Green",
            "attachments": [
                "AK_FoldingBttstck_Green",
                "AK_RailHndgrd_Green",
                "UniversalLight",
                "AK_Suppressor"
            ],
            "optic": "PSO1Optic",
            "opticbattery": 1
        }
    ],